frame,FaceRectX,FaceRectY,FaceRectWidth,FaceRectHeight,FaceScore,x_0,x_1,x_2,x_3,x_4,x_5,x_6,x_7,x_8,x_9,x_10,x_11,x_12,x_13,x_14,x_15,x_16,x_17,x_18,x_19,x_20,x_21,x_22,x_23,x_24,x_25,x_26,x_27,x_28,x_29,x_30,x_31,x_32,x_33,x_34,x_35,x_36,x_37,x_38,x_39,x_40,x_41,x_42,x_43,x_44,x_45,x_46,x_47,x_48,x_49,x_50,x_51,x_52,x_53,x_54,x_55,x_56,x_57,x_58,x_59,x_60,x_61,x_62,x_63,x_64,x_65,x_66,x_67,y_0,y_1,y_2,y_3,y_4,y_5,y_6,y_7,y_8,y_9,y_10,y_11,y_12,y_13,y_14,y_15,y_16,y_17,y_18,y_19,y_20,y_21,y_22,y_23,y_24,y_25,y_26,y_27,y_28,y_29,y_30,y_31,y_32,y_33,y_34,y_35,y_36,y_37,y_38,y_39,y_40,y_41,y_42,y_43,y_44,y_45,y_46,y_47,y_48,y_49,y_50,y_51,y_52,y_53,y_54,y_55,y_56,y_57,y_58,y_59,y_60,y_61,y_62,y_63,y_64,y_65,y_66,y_67,Pitch,Roll,Yaw,AU01,AU02,AU04,AU05,AU06,AU07,AU09,AU10,AU11,AU12,AU14,AU15,AU17,AU20,AU23,AU24,AU25,AU26,AU28,AU43,anger,disgust,fear,happiness,sadness,surprise,neutral,input,frame
0,280.09022642334605,111.18456863839286,110.89167859414755,162.4283662308673,0.9989302754402161,277.2416661080243,277.7018813097481,279.9368201894041,283.9095846710912,290.5261264973337,300.2255339331343,312.665146304794,327.54643889275366,344.3430448440988,359.8161879136937,371.45600893107405,380.05070470399846,386.14727526636415,390.1779369650706,392.4394311901269,393.2450895243592,392.63644553872035,292.0526740188166,300.5682991668722,312.2491599994669,324.18255075234714,334.9430218437315,357.0398865288973,365.55513990792616,374.5342913255997,383.03377937433953,388.47339921315796,346.74044388398266,347.2088380042942,347.53652916577704,347.9993583684699,332.47332534593414,338.86826959669185,346.1632143811011,352.8179961370756,358.24517333128125,304.8360972246019,311.4794354652228,319.3079791718943,327.37731303005467,319.95127900149197,312.21118146983184,360.52271171339663,367.09608767030323,374.0412791250506,379.81912745370283,374.4732747340905,367.6211765671884,322.69956991368207,331.689886019939,339.83478774166974,345.0399491202355,350.6684973313165,357.2620533757043,363.4452577390761,357.83255618275876,351.608515315359,345.61110252308674,339.71149983818617,331.65593886068734,326.2425461649252,339.52175822117783,344.9585781745139,350.6946838121355,360.4967575882192,351.3187445946008,345.5954185172724,340.18182251032374,170.0371092941985,187.5061176192636,204.9425206389078,221.5391845605741,237.03537730982518,250.47518777672656,261.4304658381082,269.468193520107,271.2503845274742,268.42387108850744,258.8362731874906,245.9666518475274,231.42408150514015,216.14846396655042,200.9196080008519,185.97606152759104,171.50944824447393,160.50840193056928,154.3634549236026,152.4718883067984,154.32944386654947,158.54420674906214,159.2734026505035,155.60087651123305,154.29079731444452,156.116200662276,162.1462884666616,170.6768947447155,182.64607988419885,194.3287937530361,206.06913182101377,209.77284589629073,213.541015426574,216.28892295195524,213.75436437677865,210.05871304226847,171.74603275884812,169.87242723314694,169.51833466187642,171.806735670241,174.7707223246168,175.11659531506234,172.52624234142365,170.81228256824028,171.08187901040833,173.661677229023,176.29478364073364,175.7545916271383,230.09571591935017,227.37731756046423,226.44105212003507,227.95440764996076,226.4684817035372,227.10788957613644,229.01739985737055,233.59409731406097,236.19314619759015,236.91103218817193,236.48608857285748,234.30201524761412,230.3707552924249,230.51395607440173,231.18990187165753,230.41525139780956,229.57810887412762,230.4188064391275,231.35140066041785,230.77291643707113,-5.100284100654898,1.2707107893486205,-5.145912144743778,0.39841655,0.519103,0.28622472,0.3497816,0.18482576,0.0,0.38451934,0.35899925,0.46708232,0.11107447,0.31457275,0.41167364,0.63797677,0.0,0.6180547,0.5477621,0.008744342,0.21038726,0.096289024,0.17524733,0.0016064027,0.0039996975,7.49624e-05,0.0031605572,0.017666284,0.0005501032,0.97294205,C:/Users/Public/Desktop/feat/M3_Blaine/BH_legit.mp4,0
10,286.9558832299618,114.77731987404336,109.18319119751914,157.46722684151786,0.9989343285560608,282.97095994778783,283.5394818700962,285.9491809130694,290.0119632674562,296.7714636368708,306.5193976367391,318.6054096839051,332.7994599881231,349.2329306715119,364.412864986574,375.8874855698701,384.7898210301375,391.3473375772615,395.72491329831456,398.2936956489491,399.36965497240755,398.8113626096718,295.9951659285942,304.546261168601,316.2297753840394,328.41065512212765,339.5444593303428,359.68872879423077,368.6483700613855,378.2020635059119,387.2784676071863,393.40025503657233,350.60263856993674,351.1508506069721,351.5594811061231,352.0987616366997,336.97745089177295,343.20875908888155,350.40726045828677,357.0766967780209,362.58606218509937,309.54822014759725,316.47442883081754,324.12872986589196,332.3293901854008,325.0111919876356,317.4687994622375,365.06513526846624,371.67805418667496,378.30614427663636,384.3083418755329,378.87509137469357,372.30386783720354,327.6805861254016,336.61541514951915,344.60780692970854,349.7280942906148,355.23770748223575,362.0623808177576,368.8910074430235,362.92718265939135,356.626551105091,350.66830147366187,344.7305165928449,336.73917226549366,330.92861348424424,344.39231321839253,349.8573026665213,355.5183685281921,366.1673822792822,355.96552952367995,350.3083493741507,344.8370752089929,174.0173176345943,191.28530976224715,208.45080356136654,224.88994513189522,240.19865983138146,253.44685459128,264.2618952486843,272.2239559483021,273.8181115903692,270.3933350122885,260.45363830250193,247.38715971562237,232.77940496060197,217.54817924527157,202.1245375698658,186.64204706564976,171.53808123868816,163.23547447439924,157.10039678319583,154.97801518002146,156.40547940268348,160.2705747440028,159.63204524127775,155.7521954567543,154.3085745556371,156.161146949517,162.21348712944004,171.75113089338183,183.94656797333366,195.8109311158928,207.72489621865873,212.0450760293545,215.6473677061679,218.0949834155889,215.5111650484067,211.65954580731156,173.89017600702982,172.72106095857816,172.06482612400816,173.19653696949737,176.3209479990373,176.89592639811423,173.0348575556082,172.1625208113,172.22562702906532,173.55324534409047,176.1934346946593,175.86498502082884,232.98088758234093,230.76438727333831,229.8380672875971,231.11745772033223,229.46428430544876,229.55783423312295,230.48983073747092,235.11692549267943,237.89335128981065,238.88732771854953,238.6454674793398,236.69191162151495,233.281067292475,233.31636532682737,233.85426051655352,232.81346407224254,231.3477509265873,232.82088634557957,233.96046998175555,233.55094971083878,-5.7269896822210535,1.4601093557948477,-8.175631940873851,0.41418815,0.4733934,0.38045776,0.3837081,0.24164459,1.0,0.34849072,0.3093944,0.469401,0.14540847,0.34802705,0.112787075,0.6101841,0.0,0.5885727,0.5850719,0.002988403,0.26622075,0.3186402,0.62831986,0.010591129,0.6375951,0.00029682583,0.015173443,0.013869186,0.00054235413,0.3219319,C:/Users/Public/Desktop/feat/M3_Blaine/BH_legit.mp4,10
20,284.22970837309157,114.98576432955994,115.19841861482195,166.2119076251594,0.9982903599739075,280.071696223312,281.66644214000485,285.0498813644951,290.1285383635347,297.6255876061523,308.09524559138896,320.7550147239681,335.41483512025667,352.22582025875965,367.7931477700204,379.50985752128565,388.16914369758007,394.6283146362039,398.78159922408514,400.75085358227443,401.0090577864793,399.81934972775684,293.68266234841064,301.99590091772524,313.9936168283345,326.5777043934396,338.14048905911426,359.4172929870889,368.61537343286017,378.397768839572,387.8234527426619,394.35728284618307,350.043394963345,351.07080255722997,351.90809082547185,352.87936138485907,337.1727850203431,343.9262414634048,351.5044201337376,358.3710303875466,364.0129569037912,308.1770496859207,314.94271551789154,322.8736706307666,331.02369927248657,323.6611762154084,315.8444983672748,364.91137533539325,371.4738445994619,378.5297182139663,384.53305215264413,379.17941938620237,372.2163228613253,327.5207221653462,337.1647544047558,345.66559790267917,351.0464788866281,356.84090982441785,363.77839873127124,370.72332977781025,364.5730670781505,358.03494526148785,351.8718074224038,345.8155700945869,337.30324834448066,331.2578651277388,345.44076444303914,351.06394294924496,356.9504971145491,367.6668929402098,357.44025172555433,351.628439943962,346.0801940359008,178.43635983839226,195.87759672337145,213.0157269095888,229.35373197238437,244.5192790478374,257.689643160222,268.6760245965228,276.9541804913768,278.46738385838313,275.0916126532177,264.73006185205645,251.24755585534933,236.2659223596674,220.45155385373027,204.450168895086,188.7538225005372,173.50299397295177,168.69385002057064,161.62315751290626,158.93184916758193,159.88444899154382,163.38277773348122,162.7326485787712,158.39552174153118,156.71954831780624,158.3103770060224,164.46934201598555,175.79321140978755,188.37223451561775,200.67877544637656,213.03603230029657,217.09142778566743,220.7004851043332,223.2454353319742,220.16595877119366,216.10522539330066,179.4543102084435,177.06339206201164,176.29554395016567,178.3122449209514,181.68880076065247,182.42754606427096,177.09522325851052,174.80285996510403,174.69513915409522,176.93909287433894,179.96467336440892,179.8656489195024,237.84869665549215,235.81929887131307,235.01180293861788,236.24094482695256,234.47548145676816,234.2421002360515,234.811340703188,240.61446206287906,243.93454799282492,245.02755578924234,244.8398973628243,242.63843873572165,238.3915805352755,238.83149896487157,239.27273700709557,238.15242155116076,235.86254887798455,238.09491735042684,239.3715890701723,239.00259684722883,-5.400447855012516,-1.1070380793859687,-7.079632349491524,0.392767,0.44843572,0.41453615,0.36180022,0.20395942,0.0,0.37756196,0.6204857,0.46466812,0.29529077,0.33941862,0.42327645,0.65801364,1.0,0.58285826,0.5988335,0.011857204,0.32140148,0.5336172,0.21830975,0.002495417,0.0029209347,0.00011762534,0.0038123098,0.01133358,0.0011725854,0.97814757,C:/Users/Public/Desktop/feat/M3_Blaine/BH_legit.mp4,20
30,282.2657740935114,116.53723553093111,116.20484951494916,170.3905794403699,0.9978664517402649,277.36701126432934,279.42048939302026,283.2034954556543,288.324701858151,295.7954216101926,306.33118233992843,319.1653856058053,333.90301716034685,350.759712712171,366.4162289148973,378.30504628363417,387.4688722715262,394.63066874993376,399.3209206045777,401.5984192932458,402.13229545407955,401.15535058514405,288.3288089728431,297.36825763435536,309.815453698313,322.7607074955671,334.76743074290476,357.25037983786916,366.93812497560543,377.1222703760208,387.1137470044273,394.6290478411681,347.33592684404397,348.51153662869314,349.49970598614914,350.62217921276437,335.32835658047156,342.0099375092894,349.3445740487147,356.0213653749391,361.56759111800363,303.4016091170109,310.14641767497557,318.7447658747444,327.23123480782704,319.39671244251224,310.91353407609677,363.14640500494517,370.05871559355626,377.9028781004777,384.1905172628072,378.73503803605473,371.04010882113454,324.6222298083604,334.28962218189565,342.8277773862219,348.2321309567926,354.1886659886941,361.320469561294,368.4965495364941,362.0579464878421,355.30977423950657,349.0603787742208,343.0166924747734,334.35216122949913,328.5242629797189,342.5839829580313,348.2275729125943,354.2126749380809,365.11516322923865,354.80328290571464,348.89286455629036,343.33534120100165,182.13305750317113,199.7179676457394,216.91803382929004,233.3330622106669,248.59333325023772,262.0199177335634,273.3927254997413,282.3740225358731,284.1997873575491,280.71317604064564,269.93186591383005,256.1987956136609,240.7725581412216,224.31995636341844,207.6457288269347,191.31571284477013,175.34422238192727,171.8238401011908,164.9379271696214,162.60414151001746,163.79580804127437,167.47116382475386,166.3204648485041,161.63832972497272,159.6008230319019,160.59601226491472,166.09489040982282,179.68665524620195,192.77236749101144,205.71848049178428,218.67017526860747,222.3126497599825,225.8902147770252,228.48160915118012,225.38188316335643,221.3959831974772,183.22494674070694,180.016455337247,179.34093246867258,182.33517142024337,186.0908718731813,186.8390004859042,180.8672557236297,177.47273152427323,177.15054239205665,179.94912668705012,183.8669911402632,183.9149846644691,242.27455557740905,240.49446869598802,239.88986972637653,241.22468200130035,239.49083367519592,239.44937253518873,240.42667083535895,246.3532617105884,249.57824860287843,250.5780568165093,250.28473326633477,247.89597686246202,243.02802222050326,243.81855039409768,244.35636304764813,243.34083323771821,241.46321152282337,243.4410858355134,244.66791877461594,244.18188989058072,-7.307479703853384,-1.5731279549293018,-6.472656867243306,0.4419749,0.465591,0.2705546,0.40488052,0.20830001,1.0,0.35673082,0.5362562,0.4609693,0.37503865,0.28612238,0.4066028,0.6118704,0.0,0.68477076,0.59092194,0.0032728736,0.21671127,0.7108093,0.027110945,0.003172371,0.0021700962,0.00012465219,0.0048540374,0.008608239,0.0005009246,0.9805697,C:/Users/Public/Desktop/feat/M3_Blaine/BH_legit.mp4,30
40,277.4681436863868,108.91029731345662,126.81498986164121,183.26900522161986,0.9948703050613403,275.64394360041706,277.13766125278624,280.79483199025316,286.365052205527,294.36740225170837,305.3102856732008,318.41293215935104,333.55864399447245,351.32151101932396,367.9524528043818,380.42169384589965,390.0826261521662,397.80758890695233,403.1569518952959,405.66269206289974,405.85605437731647,404.32115006696495,286.9943678228868,296.1968921014732,309.15910807617706,322.637055202481,335.08379563978923,361.1261116169611,370.9541762877327,381.4652814382895,391.5915233557587,398.7136822741428,349.07859468766713,349.9147546301803,350.5427266344137,351.3119943058627,334.5681169218721,341.8824649510162,350.1601573749566,357.7555958243566,364.05649907461503,302.4145962052601,309.94299819096767,318.8222098260771,328.0358697080868,319.5074459663371,310.74155007436207,365.58078556416274,373.3298284878583,381.3532961998608,388.19912960893,381.90866066158486,373.9918692776092,323.8068244529669,333.90428027847906,343.24926687372755,349.2405099007153,355.76090054793633,363.9149543474053,371.6819033738392,364.9127804429727,357.4349769613427,350.3591563102939,343.4288129126785,334.0459364272652,327.7073792384153,342.88920477269045,349.2057201520568,355.92522771040177,368.50383230619923,356.82425563881037,350.1552810424393,343.8261291454743,181.78771469092436,200.612724277731,219.03759276707117,236.4786087373587,252.7819710879868,267.3621397726751,279.8265831322002,289.465047605309,291.4876638179172,287.6659168579907,275.9824207727989,260.9960090207871,244.5744873655592,227.29967306190372,209.68190314628401,192.4110606941144,175.6443681038163,172.4026425450362,165.468117561203,163.0391927391677,164.29450754343867,168.018557443549,166.31974544019593,161.34078054264734,159.33817433430718,160.8857020538366,167.65211154160886,181.010405003348,195.31442514240157,209.36925420308336,223.45724101404087,226.5955542415598,230.77114991108996,233.60007819217387,230.14146070373894,225.45476770934215,184.3133075617473,181.71291148794026,180.9861150997066,183.24685888357735,186.8281056480863,187.61302477390544,181.04422472887137,178.25656175629427,178.1655893163206,180.8776953517207,184.16561498520787,183.99515963604392,246.20309066739947,244.79895596240493,244.57301922243568,246.11118752955284,244.2172960086654,243.76829327287018,244.4155084387579,250.71053911652245,254.49385218682312,255.56199185126928,255.12861435300266,252.1647217719232,247.0251590576113,248.59465649031014,249.34066982335665,248.12751170020314,245.6492992161648,248.06172053648157,249.3466079379543,248.68499972608802,-5.36069776086972,-2.307442644325049,0.7188317461692114,0.45256183,0.49024966,0.3960187,0.36419424,0.25045124,1.0,0.4307494,0.58803076,0.46633357,0.5651373,0.44880903,0.47363365,0.67935085,1.0,0.70514363,0.576143,0.010308388,0.20218141,0.42053345,0.17557919,0.0016034977,0.0017603361,4.674198e-05,0.017367143,0.0056787427,0.00027621663,0.9732674,C:/Users/Public/Desktop/feat/M3_Blaine/BH_legit.mp4,40
50,270.52190183683206,117.84147608418365,116.44976045642494,163.79286949936224,0.9986648559570312,269.2661768221628,270.92955854474974,274.3911308556612,279.2243045895293,286.16486412218205,295.3672708675689,306.38215217708205,319.6929607367352,335.83948848997983,352.24659555982896,365.7144429168038,376.67350044555394,385.071306679079,390.24604814432917,392.2759132805096,392.5737416445299,391.63515234345795,273.4468185919653,280.60350343574413,291.675251194748,303.6002182883139,315.136474965547,339.6733462559166,350.2054133675694,361.55852938314933,373.0915584734779,381.7205091339607,328.58123131058403,329.42284656228225,330.0459524232353,330.77966317698656,316.8110536615787,323.54235895286763,331.29149636854044,338.80637306645104,345.3806337027289,286.2786673134374,292.4379106499191,300.58696424190356,309.5861150199562,301.5776166870911,293.4864253518093,347.01323033824343,354.17338879188503,362.02307930520493,369.25118695683716,362.9070749403051,355.1758386236892,309.79416843497614,318.18730023229455,325.7969074845073,331.3898469749424,337.60110659402375,345.9358137964492,354.84374277619946,347.0453773381204,339.04405467487067,332.2292655930849,326.0932772838466,318.337262940722,313.5029645304733,325.75109449506897,331.53879630308944,337.93615471701236,351.18527594873115,338.30842259896934,331.96473233608003,326.20938254706834,182.596197454281,199.29531034480542,215.89620735578595,232.03322807900133,247.29628153150966,260.92330574246705,272.63601359996494,281.78141331131343,283.4714973114038,279.9395214306088,269.4716545956782,255.77456070313772,240.11881946313838,223.22252502927256,205.68136927571769,188.09318213331227,170.9135864053413,169.0126372992797,162.34034822952137,160.02096093300602,160.92862163361326,164.27042176768725,162.85389186640396,157.32213594260784,154.54822708843002,155.42814577165078,161.9516905323939,177.37915761328162,190.7543948995468,203.8939539071952,217.10653487192562,220.33592594484094,224.01681600764613,226.53053801041466,222.91791346083215,218.55493060399067,181.3186236628885,179.32287956794048,178.6107016807249,180.05257194670708,183.62428639294765,184.54759883985068,177.8279386352518,175.3873967471813,175.0111514940661,176.4906632726593,180.0923573736685,180.37781429750294,240.7251020398993,238.96603788846946,238.44539473193467,239.73564456336607,237.7900130019361,237.5182044945946,238.15932860839416,244.3142255392802,247.5397739678954,248.5331912425184,248.24291929792983,246.0159897721976,241.41898050517324,242.19686995299733,242.76743233929727,241.51792859590236,239.35313744019467,241.36013415663754,242.64834551212923,242.20666400981113,-4.081561342019017,-3.83618863556488,3.1732297778977747,0.43197897,0.5134006,0.48657107,0.356231,0.2142238,0.0,0.46446872,0.5092015,0.46948466,0.2935879,0.39008167,0.41968545,0.633564,0.0,0.5959133,0.5659992,0.0018348065,0.12128792,0.58332026,0.41806117,0.0056540235,0.0012775114,0.0002732061,0.0011374168,0.017933918,0.0013512177,0.9723727,C:/Users/Public/Desktop/feat/M3_Blaine/BH_legit.mp4,50
60,280.2149928435114,119.66075372688138,119.01742406170484,171.03881483179205,0.9968152642250061,271.68822097217566,274.3371975356168,279.13568746003654,285.4930195701612,294.06170613878453,305.32454813793913,318.7363223997277,334.16445898284957,351.5720612008318,367.2326982900599,378.87409221821736,387.61508362126597,394.07022987485675,397.9737794139201,399.66160708166313,399.81024592139954,398.2634477634905,284.1468746706593,294.1247767180652,307.45755218910506,321.3133100535039,333.9287349101367,354.1248935139446,363.91076090891823,374.09407510433283,383.915848260181,391.17976107302906,346.33943576153746,348.0556577294474,349.5664155563388,351.18498853504906,335.6506577586488,342.6677505788135,350.4833275759475,357.2749114206158,362.7100282241338,301.2813147904716,308.4060759586626,316.6089519440926,325.359693565682,317.8776547847269,309.78078948783485,362.35740551495167,368.86348045083236,376.0416720826077,382.6237302146697,377.3282360513091,370.2425552760018,326.96297448269087,336.15685558508454,344.25533572369227,349.7794523263117,355.61799818480813,362.56350580573684,369.5102367916015,363.818751632074,357.50583378595445,351.2602010113206,345.07774280198703,336.55094424877586,330.8507426140785,344.354783059348,350.09848143434846,356.06587208791524,366.5590279206964,356.5777157435311,350.62041785068715,344.93009488784884,185.8292925004483,203.84794103671493,221.3052730393497,237.58735504881906,252.89522262507265,266.2321024854731,277.53698542065683,286.1087242847957,287.1926011508837,282.93009187226914,271.8561435360734,257.9161447621745,242.42225231373715,225.7657227646256,208.94686492214265,192.4073135282212,176.25712860933774,175.60802952471587,168.45445199545492,165.85286247281374,167.11111166006904,170.90842418808134,167.78602374484262,163.04402269634747,160.98738720131774,162.0219869277795,167.56923736134064,181.02099118924107,194.1773635533196,207.13411946077431,220.13687388982646,224.2471231684937,227.71027356420964,230.01806588062115,226.53331086013364,221.95519789530343,185.8362901478828,183.42465861569494,182.28172992414133,183.6805620930288,187.20648946044082,188.2857848248431,181.22426550702383,178.9751335392984,178.31068122472846,179.91724687659084,183.14760315861582,183.4590718713475,245.6406318530377,243.10256555470363,241.93625835922114,243.04131167235303,241.0254876315917,240.5448520154958,241.1644741219823,247.16005110367686,250.86448576574017,252.31916454396082,252.41409766300234,250.24804440808762,246.10798172592757,245.9765066962446,246.13977698061686,244.78984270822536,242.25341571890567,245.05515386191786,246.58552222873507,246.39416348542997,-4.810094513412596,-4.567062460498537,-5.732252280014417,0.43960074,0.5173014,0.27538398,0.4034196,0.22979498,0.0,0.4156447,0.5615868,0.46860752,0.2703386,0.36170328,0.3619824,0.6594628,1.0,0.6925431,0.5425873,0.0069881794,0.3077138,0.21495375,0.2226644,0.18001167,0.26818848,0.00063810515,0.012971153,0.009084993,0.0008061314,0.52829945,C:/Users/Public/Desktop/feat/M3_Blaine/BH_legit.mp4,60
70,278.82069517334605,110.12282011320153,140.92852954039438,199.55350410554846,0.9942566752433777,277.99174542241053,279.81630728726833,284.3757315458445,291.2857271302141,300.73286589799056,313.5259089835455,329.106810775967,346.9182821428235,367.1792593748184,385.29610540362154,398.11193561924415,407.4126244352139,414.77668552241965,419.4176667250651,421.4008107437699,421.0618370187608,418.41424797724966,294.06420122197306,306.1512571976174,321.39622545212933,336.5406248883157,350.1423506057585,376.81632419724275,386.47900937574076,396.67778087945743,406.72050371857665,414.40719574098415,365.5463220728942,367.6510593024018,369.5185762990721,371.4980378376282,352.05515639898675,360.0242289921796,368.95928178500895,376.8363637403778,382.9042631811223,312.6809082480201,321.6511230169984,331.3708438182652,341.5893765381289,332.2678060614707,322.74848782814325,381.3115476972568,389.40355518006623,397.5726378287795,404.8648049140116,398.64445364974506,390.52649752774806,339.3743504554845,350.35051064641425,360.82258497915427,367.16655624562316,373.6002772608333,381.9172443158298,389.2905829693017,383.16136595212697,375.79340828708945,368.66810893603906,361.1348678596745,350.48706214867383,343.4905068710405,360.69857960112233,367.4377180978158,374.16245495702833,386.4813644502545,374.4838298524895,367.7503720809867,361.0469450778287,189.47119826702115,210.68070673748272,231.0138777082075,250.26093113273788,268.8522319003944,285.51255711811984,299.65684918398887,310.1298512733555,311.83122846796647,306.74104177989057,292.93072782642577,275.5446828290005,257.0139717056517,237.9001013131674,218.67027561553445,199.716279099585,181.6087605931741,184.1167936282733,177.73504839392214,176.3235095060566,178.56572599445036,182.76989083092548,179.38339359243764,173.51065132639732,170.16700217088044,169.52857715315614,174.02827529474627,193.02090216931026,208.89172790755052,224.65460559398883,240.56962823060337,243.3172579828219,247.83504737863115,250.5950519769308,246.65281424591885,240.62934721099995,197.1515244516521,195.0032183436406,193.67715438744455,194.41753985843434,198.97488736948478,200.27826410786525,190.35201754492346,188.131025273511,187.5358551243555,188.76825134421014,192.80427099699452,193.0729207697059,265.2248747684572,263.80996027378865,263.39874999051295,264.8111381325213,262.4346395773085,261.06400048349803,260.76273649706627,268.31249164138467,272.9455084102201,274.48608397166953,274.4131623008172,271.103212120615,266.0541321876878,267.37285972994414,267.8075208461049,266.1743266269611,262.4649558092306,265.927786008321,267.52826610149236,267.1319141974215,-7.989695328930006,-3.318768576009075,-2.304400779435308,0.3371026,0.44503534,0.31021333,0.378617,0.17239752,1.0,0.2881581,0.20363636,0.46257138,0.2405582,0.5551995,0.4836681,0.52518713,1.0,0.6722249,0.5744474,0.00053303904,0.28305924,0.14675407,0.36181006,0.07485746,0.8582997,9.926792e-05,0.0021808455,0.0024310069,0.00018416569,0.061947584,C:/Users/Public/Desktop/feat/M3_Blaine/BH_legit.mp4,70
80,276.9964615139949,117.38025562021683,125.75515863549617,180.5260569595025,0.9950643181800842,272.84699903075455,274.84708082995843,278.97799366729396,284.78606957688953,292.7888178167922,303.59468847951166,316.9291223667524,332.5271540669583,350.72362997934863,367.56658785934906,380.3982324305116,390.0250228292881,397.27507200150023,401.78663091714617,403.91878868688946,404.3152328783568,402.73130256134846,284.56106751655625,294.3421977981001,307.54916860889654,321.3092154147168,333.90138331594324,355.5331902464871,365.5907713679918,376.3301698717146,386.8130023693645,394.89798214473143,346.8637254771144,348.45238167022853,349.7676213973843,351.20613418241527,335.56992101869855,342.65012917627155,350.70936196542266,357.9414889626761,363.67915448318684,300.7042922954947,307.8984702493738,316.500888265524,325.6871133836156,317.7849514138341,309.35673228987974,364.95845947481666,371.96658510954603,379.5902496509439,386.3992041410495,380.992879349368,373.4459909263451,326.0432068569663,335.72841863946076,344.31853130061404,350.0401081827973,356.146146707196,363.8892493742191,371.5842927219366,364.89929563788525,357.7699112531292,351.24283073949925,344.8525811250315,335.97648839832704,329.8860607597533,344.32524566010864,350.31149742867757,356.56199798004883,368.5553805927688,356.83629247763344,350.6225143078058,344.7146010374173,187.15680351758502,205.53237205726433,223.35022265530768,240.24024561291932,256.56320217452173,271.1682382105089,283.62048273353656,293.4491429329645,295.3969140612019,291.5566361482595,280.1902197655785,265.37640588599834,248.81901488019565,231.0979349883684,213.25106415385557,195.71096207486767,178.6387992037349,178.30843980437027,171.26113846443576,168.8765466021547,170.268969182924,174.10292010326572,170.65567109700928,165.62580236506884,163.49794436784805,164.5229946425387,170.01760034934452,183.36733522889506,197.12671705488074,210.89140580731313,224.76974155030666,228.48872197653301,232.49990616307286,235.17135612253136,231.65529138757006,226.8517482195172,188.36414865255435,185.93241423928325,184.63553570289923,185.77322581422686,189.66642450099363,190.88898024266422,183.3653532016212,181.0585898044435,180.38969756425254,182.1968997028014,185.51953923539878,185.7358642773083,250.54115770495466,248.80603808924934,248.2220824966652,249.54809102347198,247.6703558296552,247.08761398667204,247.60330262031763,253.7588466337593,257.2188464669407,258.3907346188865,258.17994246744513,255.75822794449672,251.2126453033349,251.96302662577676,252.43384526087675,251.29875696385326,248.82797596767503,251.5067084247392,252.7915398507223,252.32343278387978,-5.483338881681423,-3.2345960466244508,1.9318866131698336,0.37255552,0.40904552,0.343574,0.33533004,0.20354703,0.0,0.35974112,0.2466753,0.46441966,0.37199637,0.49491462,0.2749953,0.6394622,1.0,0.6698303,0.57747084,0.09551688,0.3048581,0.66394943,0.24100395,0.10615228,0.74967176,0.0004311229,0.0050224615,0.004279882,0.00037259157,0.13406993,C:/Users/Public/Desktop/feat/M3_Blaine/BH_legit.mp4,80
90,273.436332100827,124.2361067841199,108.85844068066154,153.0350740991709,0.9985339641571045,270.50449780597137,271.9132461093515,275.19474580043294,279.9397097198718,286.8802010959716,296.68636207924675,308.8196588060474,323.24469763928147,339.5759796434524,355.1186955726617,367.6157088512219,377.35347424415545,384.22349577779374,387.97922751681546,389.54326834465354,389.7538788197699,388.4940251497451,277.39788888196057,285.452655908937,296.9285789026246,309.1000166928078,320.6087774509229,340.06635692556944,350.0045202488824,360.60538249610636,371.35994737269397,379.6132159491542,332.04925755087174,333.2550821524919,334.3034058899964,335.43098904490734,322.5630294334528,328.7736796033087,335.69556291289956,342.16552196251786,347.7424908462952,290.8371243446797,297.0052824473665,304.85198666245003,313.3149134188583,305.87951314915045,298.1276060870083,349.6466214543873,356.32934732565275,363.71516257107504,370.45294642736394,364.82111658514975,357.5487995995103,314.32795845144614,322.7002803428382,330.22991405053136,335.6513304442157,341.4248005103271,349.21410431319146,357.4646692470471,350.79681888306726,343.78129321525074,337.6725276824918,331.9491352071324,323.93634852549604,318.11085249461007,330.58851338400103,336.1324255849213,342.05045843596395,354.2130409756732,342.81257916464,337.0153455030046,331.5628755300933,184.01194949531433,200.1363918943173,216.06694371325818,231.50877108422483,246.2301160118095,259.06685785521495,269.69935381550414,277.57544782975026,278.63204668389045,275.05483197821803,265.20696156115923,252.51158629361407,237.83027060086647,222.03767023028544,205.97676343248895,190.0342915050609,174.41167034907798,170.9596550932461,164.16702122444187,161.7205475720262,162.643737535219,166.1784109170756,163.78854409757218,158.83440909169093,156.35554098466756,156.98438417345386,162.3475682648868,176.70740224388933,188.5047139109894,200.1510703750164,211.9108211125722,217.58136667904637,220.38199014785172,222.38056216643724,219.26561561653202,215.46814707892298,182.0415686974898,179.55433790645887,178.61922236181817,180.27249434152722,183.55161329468766,184.5729662816757,177.9626586268943,175.25346644017654,174.64672306684994,176.29630627102162,179.54200185295562,179.92599025128843,239.41815164567893,236.18929089097477,234.47239026972676,235.40731426074163,233.3501925081819,233.30593814765513,234.25537643054693,240.01470436611157,243.1306141571067,244.32943336898234,244.49986136636093,243.30141431581546,239.67790930822179,238.80694233639016,238.80959124938735,237.49209635687075,235.22387156272822,237.33957588702657,238.74398139606123,238.7739951127479,-2.2905972479879777,-4.553690276108257,-3.411189548067596,0.32806396,0.5002571,0.39918977,0.3786176,0.18142642,1.0,0.46087474,0.01977901,0.47073275,0.21029429,0.38662732,0.14933103,0.5885957,0.0,0.60681045,0.518371,0.00569464,0.13899873,0.2848695,0.24248467,0.036853235,0.1814959,0.0011949013,0.0037943984,0.031197177,0.0024410242,0.7430234,C:/Users/Public/Desktop/feat/M3_Blaine/BH_legit.mp4,90
100,277.935477298028,124.09466876594387,104.44442787849874,142.83450908801018,0.9991996884346008,275.41286296211376,277.1870086973208,280.62470850145036,284.89732175034607,290.7699435564518,298.9334219250778,309.4691247385448,322.4596969191999,337.85511936329,353.05176286503405,365.5631181135504,375.4016081542157,382.29932020581583,386.00900910292364,387.4349519963782,387.5852442830026,386.42119675815786,278.59383685566036,285.1517745296821,295.55406752567336,306.8200839894258,317.6604272552655,337.89695519455415,347.55028464771476,357.9014398528897,368.46686194185054,376.40314467346354,328.6616928889092,329.4675511189952,330.16211786486224,330.9610851869659,319.7660772568401,325.4822616597145,331.99732654597057,338.4464399771044,344.16609792885043,291.68569874304774,297.1358450594668,304.5340750708457,312.28876271070766,305.55529843914024,298.30736071438577,346.2700366967897,352.59289684275564,359.74716112749513,366.03680801645504,360.71026385010913,353.65463813700717,313.92954460187985,321.1437940107384,327.90373898429283,333.2118426926578,338.89920685621684,346.7384038968644,354.84062010134494,348.0481054989578,340.8480925323133,334.7677167465562,329.1668388417436,322.05009399297916,317.2117928776785,328.11001670567373,333.56232377381735,339.47388508440747,351.62398103394156,339.8270632741027,334.0308237860548,328.6448053116004,180.030857756835,195.11266981940707,210.05074847293014,224.79142738733574,238.83353475835153,251.53534264824194,262.268087629619,269.969813865507,270.82597214815195,267.29539577698387,257.57703944568004,244.98272767705015,230.48381798043857,214.88519292735114,198.76298146344843,182.6659787696664,166.91080393382524,166.92387571553525,160.09347899780562,157.3699408417078,157.6646510308354,160.36924812926193,158.38365010648712,153.22900063585195,150.32041427177177,150.68033012464625,156.14161223009526,170.51744080896444,181.8206702190856,192.8618510157938,204.07706171913682,210.00542887647404,212.5419470747887,214.23496501119993,211.36475114583237,207.89765898845562,176.9419431247099,173.92353642652125,172.73950067118363,174.4840292940989,177.95780292489366,179.18227998378663,171.4054944433082,168.27460605959615,167.7306789552407,169.83946536712008,173.21965239662174,173.52016545562915,231.846726178191,228.64463515076815,226.9296316932628,227.93755341264256,225.88542160449344,226.16144614395503,227.6914626913993,232.8912427565667,235.5289025249706,236.589673268802,236.6703311168681,235.56563019612923,231.9013630586796,231.18719119432757,231.31249436171584,230.04925658394222,228.45387601978783,229.5325764055896,230.83682249269032,230.75851439827275,-1.541246053369429,-5.770500727534372,1.0367802404619075,0.3250845,0.46304876,0.5784438,0.31944367,0.17325911,1.0,0.35893542,0.7637909,0.46311614,0.054518443,0.2929994,0.2055503,0.56278366,0.0,0.60214573,0.55630517,0.017654203,0.07899821,0.4057846,0.22820024,0.009112912,0.0018768838,0.00054103194,0.004275788,0.017193977,0.0011138467,0.9658856,C:/Users/Public/Desktop/feat/M3_Blaine/BH_legit.mp4,100
110,272.7050532760814,119.7786317960778,111.56771827290072,155.82214243861605,0.9991137385368347,272.566546746553,274.1115372516239,277.2775791441721,281.58537016793025,287.97263974821124,296.6634356377558,307.2027912732753,320.14066991103124,335.6876279566835,351.3693100035859,364.1384214185647,374.086420271959,381.4565631861451,385.84033150279885,387.2624788624545,387.1702963496865,386.03939713700873,276.833479217318,283.3965319666688,293.9969692442177,305.55398816813465,316.66157415439346,337.00886605861916,346.87570506943376,357.4728935013205,368.0864320415655,375.88628076880576,328.23022316561224,329.18513302175955,329.9029105803723,330.70935989228957,317.7416342264605,323.9359847879097,331.141595681211,338.14123644669115,344.2358702941111,289.77215474174574,295.34435414520476,302.6573162612097,310.90865980071356,303.7587863933695,296.51240610922,345.34326413628617,351.5555808699735,358.4748531069117,364.9690559623411,359.3517628039964,352.54633948108614,311.2973008733139,319.0624599534751,326.12679900049534,331.3401151972821,337.19025529756243,344.94157752733054,353.182377643176,346.2061307955172,338.89469000861305,332.5909820761955,326.86955310500497,319.5245427704697,314.77840277821645,326.14785798464175,331.5895574434749,337.58728318443644,349.9730085207419,338.1655777123042,332.24650412859137,326.867374205084,183.62151564194102,199.17269217158344,214.58813605320927,229.54929880553706,243.6253935245032,256.07043397783826,266.64315854616245,274.70930116501995,275.8937088100275,272.765410368028,263.3157164530762,250.649509298814,236.0573329387255,220.4381312650038,204.2159594397572,188.01170920567628,172.23101259663736,170.5669404741479,163.37502711538795,160.5537027937088,161.1923155127385,164.41775053919326,162.36672585222635,157.3096830326342,154.97029682313718,156.11510533045097,162.51437836451638,176.0915440100243,188.34246732820273,200.37527774892374,212.49800819298082,215.818573655626,219.17644233072855,221.51284718099873,218.01912883256415,213.87020246084265,181.02729287647242,179.31990466936526,178.44475592464633,179.10453908050383,182.5934593910051,183.59953160053914,176.76194860641718,175.05688976035083,174.66039684634742,175.6546606442894,178.85336931774964,179.12243280849913,236.1114543608028,234.2774336171136,233.6027993914624,234.6554699670807,232.78684316582354,232.33572729267664,232.91416670903016,238.32037963411244,241.0773734681,242.0796897222716,242.0049606994074,240.3008157653284,236.68678424734586,237.139694508663,237.48402756778134,236.24413877798372,233.97673428275488,235.7117181737713,236.9845300856481,236.69927809292838,-3.640958694444126,-4.953926887627946,0.24758317040458563,0.3535472,0.5457085,0.50164765,0.37624434,0.25129852,0.0,0.32728475,0.76882863,0.46843612,0.27649215,0.5405851,0.2678552,0.64506465,0.0,0.30755875,0.5659992,0.022378124,0.10967902,0.4742315,0.27361587,0.0026676122,0.006013257,0.00060326915,0.0060674087,0.022370433,0.004799383,0.9574786,C:/Users/Public/Desktop/feat/M3_Blaine/BH_legit.mp4,110
120,276.5660533953562,121.50884687898596,109.01923803276082,154.61964514907524,0.9992720484733582,276.79829828532087,277.4682267129786,279.8104201385837,283.80385767591645,289.6984260430393,298.0239300934282,308.33258043708514,320.78298896414,335.8509471079462,351.2622233532195,364.1309096380862,374.5756718097847,382.546754262842,387.5064115959426,389.6675898378446,390.06004975591964,389.1192939036061,279.16153748047816,286.0591889178616,296.8459089021911,308.14919580717793,318.77016514980346,341.442430957223,351.2949255815777,361.9181178352279,372.7593876137329,380.57347282844955,331.042176772683,331.48969521083956,331.7076179060707,332.0138819608302,318.9062880371037,325.11126768104714,332.16183272544845,339.1998676295962,345.49598109592233,292.3772660722227,298.2964247013524,305.8002313503545,313.84726326342195,306.4217119298958,299.03888251322735,348.33009311906886,355.2707623084836,362.57607738001764,369.2415369134655,363.17143046057475,355.94099763057386,312.1224889045531,319.68295766616706,326.9002908040847,332.08421884698447,337.95258230031135,346.0072174538239,354.3932985944502,347.1362240099295,339.5924823772948,333.18000338956693,327.3894362924747,320.1524232034704,315.561758041209,326.72041748885573,332.2211767083264,338.30234242004644,351.32118026203847,339.01577520712385,333.0450693725908,327.5819226923985,187.20055059868486,202.85268644200124,218.18127260900792,233.0342885278375,246.98528917803264,259.53884188255876,270.40582443784183,278.81025288886593,280.74604343582706,277.981018602587,268.87536678623303,256.5337537179114,242.36109234300082,226.79656794813008,210.31072987796776,193.91197241182724,177.9992085453104,173.95911199497692,167.71062522679915,166.1532769873469,167.763659902515,171.44955051106405,169.0120732762005,163.70188720487613,160.80678336928597,161.32935546748755,167.7526669992387,182.5350031948903,194.7472616423152,206.68167833017182,218.71753606964015,222.26188475406252,225.5417844413589,227.7490908518379,224.51362726651757,220.56932048653397,186.2870337008679,183.98872617911215,183.50099627585223,185.50943509406295,188.28183645294212,188.93718601264814,182.8131988507411,179.80347685664418,179.3700313253479,181.3482673076958,184.55646982000192,184.77099732277247,240.44836035069878,238.8169869622727,238.29755569357866,239.50524887625465,237.7790755211439,237.5395209156427,238.3590451726695,244.16833006533025,247.30756703957695,248.08482280935817,247.65465081867535,245.33740431617437,241.21616045418102,241.85554044413752,242.42685069599975,241.31002038386515,239.3768951182819,241.5518863744617,242.60367718542128,242.00366815689705,-5.094382820334472,-4.159474383354624,0.5851498839810082,0.2820859,0.49800748,0.48597917,0.41774297,0.17409368,1.0,0.20551372,0.9449738,0.46540105,0.19127652,0.45413274,0.43247837,0.53268903,1.0,0.5162664,0.5673962,0.012928157,0.52083945,0.544167,0.23033239,0.008230474,0.0034259483,8.078725e-05,0.0044651413,0.008028319,0.00028659546,0.9754827,C:/Users/Public/Desktop/feat/M3_Blaine/BH_legit.mp4,120
130,275.4227795006361,122.76393893494897,109.43416527512721,156.32292450573982,0.9989514350891113,276.3025842161846,276.99803663794506,279.4232591027683,283.42821540131814,289.20977372525425,297.32722042525387,307.4480160016679,319.77799867309136,334.88454151127485,350.37067106735327,363.3151495011094,373.7396569399694,381.7297063362578,386.7186290266962,388.9816251022315,389.4944009268325,388.7277920682791,278.24790325178253,284.9466489263211,295.39550318182415,306.32654739881593,316.6758284852651,341.4969132898006,351.2332807377082,361.708214878318,372.43028458184966,380.13105689883156,329.9819144492411,330.3803468890428,330.53834682749675,330.791995373516,317.6712582864595,323.84139012685625,330.88070611668303,337.9249138320121,344.2277931261839,291.3910919612589,297.2781689971881,304.9882775217002,312.9429052348081,305.4035934026642,297.8334105896929,346.9905502412122,353.9838840113169,361.5888344138872,368.2683262568484,362.1049533834601,354.6307769728336,311.1057352618877,318.5466479390982,325.6330754384201,330.67760167382573,336.44549950488755,344.4271630860291,352.7789989099273,345.523144401378,338.00223104766627,331.62393532260694,325.8529515115711,318.78488335687746,314.4673681609017,325.31980933725004,330.73692852071815,336.75066490862577,349.78735376573684,337.57615337059707,331.6419480535425,326.2479960820534,187.82259444479618,203.6101884648613,219.12756915872043,234.2008147202274,248.34119984262253,261.29188377958724,272.6517674021032,281.4843675989151,283.6561036434787,280.7685432368911,271.26155578596774,258.4598821936195,243.920108648496,228.07835344366893,211.3632323629253,194.82806528469015,178.71652722550132,175.68471961730071,169.6720510231885,168.15382714356426,169.76413286404463,173.268319030012,170.91949693172023,165.79068766354504,162.93243288562417,163.4620138837795,169.85437541611182,185.23550338546457,197.59195728003502,209.61042928092584,221.7140452582746,225.21863394336904,228.5080761550553,230.6874265197722,227.5436403266437,223.6439902994366,187.9865874458084,184.9976928489861,184.70463656232002,187.82446168630221,190.53831272739396,191.0456769059535,185.2398919620581,181.28008209698737,180.81607817328054,183.50293807068624,187.0630855764004,187.3086278344443,242.78938769626532,241.56143601267837,241.2319182017537,242.53132821147884,240.80579580033705,240.54745678837904,241.0717491324484,246.8924216935012,250.14601734070632,250.8862500153511,250.35956491869314,247.81637080638373,243.60243160855867,244.78186855624926,245.4452871641487,244.31973187404853,242.07339561793842,244.2794240559092,245.33573487507,244.62733475472268,-4.9630547491941055,-3.312918394667659,1.175805063740726,0.3115158,0.5351446,0.40851194,0.45375896,0.17276506,0.0,0.19756325,0.58986413,0.46444526,0.25837436,0.45836738,0.16354802,0.54980534,0.0,0.38681686,0.56359625,0.0013123257,0.20249079,0.59415716,0.04867952,0.004186364,0.00089712354,4.1130927e-05,0.00342071,0.0053132386,0.0004397629,0.9857017,C:/Users/Public/Desktop/feat/M3_Blaine/BH_legit.mp4,130
140,272.79132872137404,121.09209895169003,113.76053594147584,162.3401025789222,0.9986692667007446,273.24707256264,273.5928214686164,275.73984594543595,279.6844564488314,285.7542792845741,294.2548905788494,304.66851460992797,317.09149754164156,332.56477273331944,348.18633218956074,361.06258042423786,371.592359785222,379.986035255959,385.4658590329391,387.79831286357756,388.2473515918337,387.4630084739454,275.7244375261043,283.1962668633342,294.31185063991325,305.8798985280965,316.80007289327136,341.33167565136546,351.2411471166913,361.88145605086197,372.7016846968223,380.49856549657824,330.27537422964554,330.6502853399562,330.76815336153584,331.0076166862366,316.6771480769525,323.1079627745704,330.3654560059646,337.6278492772669,344.0790072685314,289.4712092014127,295.7750699029769,303.77394381704653,312.1608149669633,304.2467976681733,296.3465515715894,347.06158724715976,354.2292193201454,361.8995002736513,368.6496535910588,362.434939942561,354.8421423215347,309.09063226064245,317.0743009560875,324.6571069080596,329.8004999829169,335.8118851981685,343.961510813959,352.3138842895469,345.00193326865326,337.3589973245868,330.7797880534502,324.79040076617434,317.2691181825739,312.6121005144664,324.1802471001359,329.7126824430482,335.92976483121714,349.2364153864433,336.96030592581246,330.8268145028048,325.3021530383722,184.5331411725091,200.98491485482995,217.03378217513796,232.4564603907511,247.08656295697168,260.65906970588196,272.98003427116873,283.20083244269034,286.13716394038556,283.3825170977644,273.39888318008616,260.18208217179955,245.40194781493463,229.39398189409607,212.51767548879383,195.9202765683052,179.59345970937412,176.464064317008,170.91616249741912,169.73050959450234,171.5083938610925,175.28240575941908,173.41853856505853,168.3123370253327,165.74859434415293,166.58020775224415,172.9584224953989,186.75803796601897,199.65372960549715,212.36072326263957,225.1819215228995,227.14040477221442,230.94218549859812,233.51373108693008,230.4545386359954,226.46487273010422,187.89869062091765,185.66990398530064,185.4338195980721,188.1447028141211,190.82502464382415,191.22634023458718,186.49532848042747,183.15655507947855,182.8634177394343,185.35258576111306,188.71698567409294,188.76399470624398,243.4852774654038,243.22672488570586,243.60430663388112,245.2145503171242,243.56813690801957,243.13671277820066,243.26678445367455,249.53848719190853,253.0033959803484,253.65056120374916,252.86020334493114,249.55740227487112,244.57960035908658,246.94954762304994,247.9163765873716,246.90217282962612,244.3468020175783,246.93830772108075,247.8942567389715,246.8755012853873,-6.966887758082593,-3.9751991986757864,2.2806771599702373,0.27340713,0.48215416,0.5724493,0.325992,0.17474474,1.0,0.27144998,0.2215418,0.46497503,0.24239902,0.48220944,0.25280795,0.6124656,1.0,0.55832756,0.56359625,0.005247397,0.113208294,0.47470844,0.20713413,0.004836862,0.0018022397,0.00011731463,0.007643852,0.007375672,0.0019789992,0.97624505,C:/Users/Public/Desktop/feat/M3_Blaine/BH_legit.mp4,140
150,271.07794608778624,120.17187460140306,113.7883915791985,165.57687771045917,0.9985951781272888,273.97411420363494,274.44477796148146,276.56281224371554,280.3835711443479,286.37520770921606,294.7854297325707,305.11889860528805,317.3591407405538,332.6476537218765,348.1111882004901,361.0051155246768,371.47423982526016,379.73904188277027,385.0445198043363,387.371345844681,388.02895106037084,387.40772748284985,276.2725585395944,283.1445371885963,293.8820885789957,305.1185077869093,315.8019900467554,340.703462690596,350.522265208912,361.1921043544448,372.1428826994049,380.0049641820679,329.7205898666524,330.2405914840729,330.48334891219275,330.8199264371788,317.0185129160059,323.33522747113943,330.42193121182055,337.51121080090707,343.7552331375901,289.8646828974473,295.840698570146,304.0107034848429,312.3514190516831,304.5214675769471,296.46526778984884,346.1292179289726,353.2818811533064,361.19540854619254,367.9269472029338,361.8002295947866,353.99482862002577,309.37626677139895,317.0173937542849,324.4230881929076,329.56841940153816,335.57481232095,343.72825482647403,352.080884432376,344.5973756859447,336.87714943179265,330.338260549821,324.3961987041503,317.1120250953617,312.8966166115528,323.9164809871957,329.46551573811087,335.6564341472063,349.05857932254463,336.67774915775357,330.5509604917193,325.0478469003092,188.68910533294604,204.76823797302268,220.35368409984903,235.37458715705674,249.53788073249567,262.60895536909413,274.30713241301083,283.9864127701072,286.7379044294158,284.24869927418416,274.73326656164033,261.7945253966884,247.13362528123045,231.1334734826082,214.2390344895189,197.6741264476168,181.41658521763333,179.29454208627158,173.11739706428233,171.58688123514594,173.11209140871605,176.51518981374943,174.1839048909924,169.09012617941545,166.58273612659002,167.52303330292088,174.18036383962115,187.87635706386712,200.58635104742896,213.07508261370307,225.65036268640222,228.32840417646506,231.94002787253268,234.38708385776334,231.36489717774376,227.4714815876044,190.4933479859742,187.15890334281076,186.6866170965433,190.07131150883117,193.20935807368323,193.84413594315873,187.97578481231966,183.85085670468587,183.5918625493755,186.85028117488764,190.5467006161664,190.54218251884822,244.85826883707114,244.17298657437598,244.2342029440682,245.8046059338011,244.19274066697545,244.0770939558041,244.82837715258606,250.3722542851996,253.3947962546545,253.9120621434236,253.21259198928112,250.31039839452393,245.8086443903817,247.76267706930795,248.64045514801734,247.69630900280472,245.69002509093553,247.45177512750868,248.31614695152825,247.3969539676508,-7.049577392465697,-4.49455793547833,2.73876943603532,0.26122093,0.46934533,0.42076457,0.37058342,0.14886945,0.0,0.2478073,0.3766884,0.4629816,0.2376426,0.3710807,0.32944134,0.54949677,0.0,0.63968503,0.5666814,0.021120641,0.080430865,0.6802559,0.0303038,0.004813321,0.0006609155,9.5619616e-05,0.0028419632,0.004060922,0.0009950014,0.9865323,C:/Users/Public/Desktop/feat/M3_Blaine/BH_legit.mp4,150
160,271.66008170324426,121.57973036910074,113.9907860209924,164.15789989237885,0.9987215399742126,272.31748778833787,273.1106752021833,275.50127150704134,279.37024149785,285.46269413058053,293.8373456512099,304.10382680912653,316.41046782188323,331.7346066653093,347.2090893914753,360.15836552392597,370.8388574184861,379.3300197242634,384.8719903056497,387.40098939998006,388.17831112820295,387.6875873798933,274.98319889787234,282.12606265682706,292.99559837848346,304.397064600488,315.2155600739293,340.3515085657809,350.18036685474203,360.80521583780194,371.73685816008725,379.6580181907666,329.2340219718717,329.5808890095462,329.65851198653036,329.85647347374146,316.0008953676933,322.3169587681102,329.52192325694983,336.8208783570069,343.239444947421,289.19726811468746,295.24532031065115,303.11807018642116,311.4030871878708,303.71153195448767,295.89602183258205,346.16446094807736,353.20210923331325,360.7410251230579,367.4434891511517,361.3657075076424,353.89402337802653,308.6233192641745,316.4839166998933,323.8312291181638,328.9258783615295,334.9694687920638,343.0478943126427,351.53826993872593,343.84334489829473,336.0894893297311,329.4979119140467,323.61155174894805,316.352723184036,312.04444248537584,323.29062752894816,328.75863847759763,334.97759390174053,348.45430941539007,335.92946459015815,329.77229874646883,324.3604532055344,185.53752390698494,201.8549456669065,217.81816782991493,233.22471430667377,247.69809428535476,261.0308121905133,272.84540266681944,282.4902835807443,285.03043708864817,282.1010297714902,271.98282599443036,258.63784997582883,243.66095976843633,227.59222859450983,210.7814471222288,194.16421820842535,177.75220115065588,177.06697378334277,171.2271451350779,170.01105574282212,171.91710432204383,175.8666179849697,173.47998443230227,168.09207391459907,165.21710600642422,165.8185226325918,172.145452780127,186.99581084238713,199.92456285386243,212.65063329996178,225.46212307105884,226.9372531709571,230.7191864467999,233.35194507034043,230.18871776170428,226.1647571942907,188.70636951761583,186.7038587439586,186.34101154115396,188.42997489075046,191.4088960626871,191.94180697728095,186.650070987558,183.7550486179266,183.4366018518888,185.34703587686812,188.9413812701232,189.04091973440745,243.7324419472111,243.57246417358994,243.9830992324414,245.5375196006159,243.98766667126256,243.51261780939572,243.5625660992294,249.64642983350828,252.7629025370392,253.36060298226357,252.6349203181423,249.58171075180553,244.84955059586127,247.12341889804384,248.07196674536524,247.12696482741143,244.61244298775085,246.66918769435162,247.58091423539227,246.6471606629158,-7.56977759778876,-3.2910355980996773,2.803817580813744,0.37283722,0.46574754,0.49913248,0.3370071,0.16087735,1.0,0.31719112,0.8453619,0.46206343,0.24577612,0.48585448,0.2970448,0.55511534,0.0,0.51487094,0.5797106,0.0020992535,0.121295966,0.2529554,0.23546882,0.0071526715,0.0016242807,0.0001239875,0.0051132273,0.005414016,0.0016271876,0.97894466,C:/Users/Public/Desktop/feat/M3_Blaine/BH_legit.mp4,160
170,270.98901180820604,122.07738729671557,114.62741531488552,164.6626060068558,0.9987797141075134,272.2889058314297,272.82888465701336,275.13637312905126,279.19043069720567,285.3070735856971,293.77809152153276,304.24016948962816,316.6473395664913,332.19840703740584,347.8800172866918,360.91929047752,371.51240588265614,379.97735836099804,385.3154673917954,387.40916909795493,387.61764417193103,386.57171197066583,274.39330747571177,281.777324763135,292.916419674618,304.3972295059554,315.17882753051276,340.85996278165834,350.2929504984228,360.62957360588916,371.3073345314289,379.0788344432132,329.5543386736054,330.0292345514012,330.22998352806485,330.55754178790454,316.7276921562999,323.0396133321231,330.18826731361236,337.32159865393766,343.58050302023014,288.74636464849,294.9964593794323,303.2561461763555,311.73371833956077,303.6988303527037,295.542721547876,346.140220303311,353.3840725234844,361.22531930765365,367.88871313446447,361.77145781142997,354.0126070284775,309.1674468291103,316.9119112890945,324.40973540324114,329.5302181746786,335.46126984144723,343.53182625164396,351.81727652093167,344.3753959467763,336.7026039947115,330.14196961767425,324.1253537786873,316.7654275462225,312.6193104664171,323.91399908460016,329.41425604946716,335.5426883029125,348.76344233747267,336.3769772591999,330.2765049981629,324.81278799810076,186.28273155655546,202.6051308904893,218.43036292891713,233.67805152685554,248.17795754771416,261.78442756853025,274.07601240297765,284.22983557692714,287.09030533100145,284.28659177044676,274.15653576780306,260.73937868631765,245.84631324398734,229.65461568585425,212.59446239048324,195.90561520322518,179.54244186182814,179.600346370116,174.0928344114312,173.10666168846416,175.10520637749525,178.92457785098924,176.25100663083546,170.7578692175316,167.78274465044353,168.2259234854611,174.3768980411261,189.82805034961612,203.01434316354164,215.98644288482456,229.06148460848522,230.58590485169302,234.4259283246343,237.00531417861743,233.89413492227044,229.75133323330874,191.15795195987727,188.29658122036943,187.9739577696363,191.16776857894732,194.21637351361557,194.71888783378606,189.0096964690357,185.02805339680478,184.67973125043775,187.61019520623168,191.49418441281247,191.55847826224672,246.12431141618842,245.9349984768578,246.2336780924746,247.8522719242657,246.18595530846517,245.728266485812,245.6684952299265,252.03830913645018,255.64124977570194,256.3089329811016,255.5781101298296,252.22969493115733,247.15441454003292,249.6415583297608,250.61032377860008,249.5926577870148,246.71694783488815,249.20842577676697,250.1715026509081,249.23895328322115,-8.856210591743022,-3.193516704606909,2.471126967954896,0.26590255,0.51056314,0.5430726,0.3837675,0.1657472,0.0,0.2503166,0.8051531,0.46618947,0.31734526,0.51285547,0.21806128,0.5571728,1.0,0.44385982,0.5622579,0.0004642887,0.100054294,0.3632847,0.12712777,0.0049927207,0.00094733125,0.00017768281,0.004420103,0.0046774275,0.0037777193,0.98100704,C:/Users/Public/Desktop/feat/M3_Blaine/BH_legit.mp4,170
180,269.16927580311705,122.09946691645408,114.7487525842875,166.46469929846936,0.9986856579780579,271.44638800235305,272.0079751385831,274.2986812863789,278.23625348370456,284.183250094903,292.400503469133,302.56833048777867,314.6982149538121,330.1744284081021,345.85624301296326,359.1193984491454,369.9293778220742,378.58078324366676,384.18493862657436,386.62930389231656,387.19145658649495,386.47248360310095,272.75965225449573,280.17298584148944,291.2126531803477,302.5985848613947,313.40087859946743,339.3565176889785,348.95779852117323,359.4879517277407,370.4368916652003,378.5791401489958,328.02947547345883,328.4825409692626,328.6541967364497,328.9359993790094,315.1712119023641,321.44060631033074,328.5133549475854,335.7150984229968,342.0423702454253,286.9571808602536,293.20173834442517,301.57464517252475,310.1611900273038,302.08412358536617,293.81923237216023,345.1453426251268,352.5572831535951,360.5544154210851,367.29341342991364,361.1424766225396,353.2373576566256,307.16197074153774,314.9195921945216,322.4763631837004,327.6259290409644,333.6783635134603,342.0004475183485,350.5016645618252,342.652779915702,334.6428481788545,328.0074961056134,321.9779875663713,314.6508390574649,310.5958957261316,321.8437241094326,327.40605201712845,333.6392626228837,347.4738816230465,334.53208216635943,328.3288044591759,322.81557293463857,188.76286203844444,204.8144741493874,220.41109191426065,235.40804560987584,249.65134273675918,263.05750694173395,275.21093052490187,285.2376538120546,288.12804784207464,285.60311140503785,275.7950268674764,262.56624544807096,247.67920049816598,231.4959681695377,214.4312274564007,197.66487511681402,181.23655973957793,180.5398221134165,175.160431365667,174.32164344260428,176.34292969028846,180.09012019909505,177.33796043813527,171.9064609669971,168.86517607635676,169.11734943566444,175.0579641719088,190.76684816615062,203.74411108282015,216.5664766072985,229.4674606398393,231.0978153738981,234.95659939577683,237.55287947968782,234.58745079302534,230.62950957969667,192.0732810736014,189.14161917307635,188.78025741028745,192.00296733751736,195.13314007791388,195.66504435171782,190.1382513429032,186.2378243963011,185.94003730014848,188.9418521992354,192.87433139840516,192.85428683406724,246.72838447539715,246.7337662057688,247.17048410024447,248.86500287185413,247.346831021782,247.0542530119958,247.16660258674628,253.18146019850528,256.4513257521446,256.9315499359524,256.0983818729239,252.77496095819635,247.8310200644698,250.49178566097595,251.53684149766485,250.6815750019597,248.11665659459518,250.19851707516864,250.9945726303022,249.96531669671776,-8.256072414648552,-2.9296236699890694,2.299489191550037,0.24218248,0.4820876,0.76873004,0.33184558,0.17541935,0.0,0.33639625,0.6861246,0.4629955,0.1746012,0.3753393,0.36665985,0.585417,0.0,0.48815838,0.5667746,0.0009315991,0.17149097,0.5073477,0.13620707,0.00688321,0.0013355259,0.0005523459,0.0051293634,0.004129605,0.008545556,0.9734244,C:/Users/Public/Desktop/feat/M3_Blaine/BH_legit.mp4,180
190,270.3303663724555,123.45508037707269,113.30229703403302,163.98917368861606,0.9987175464630127,271.5593853509396,272.31314718657416,274.6598756515277,278.59203166126645,284.7443938176467,293.1497253223395,303.40785942700126,315.71274795163805,330.95267744680973,346.21599540493037,358.90033065795114,369.3829599916054,377.8092695634918,383.2820408699234,385.75523593844525,386.32973118758036,385.5432501355987,272.9645698350325,279.95296104470424,290.74111243887114,302.1988553526637,313.0869414029614,338.5750525901509,348.48091116724163,359.2425012904216,370.3738144530264,378.5679870789639,327.3722955319484,327.85284985843657,328.0703250297184,328.4104078254763,314.54887868443564,320.97942162392934,328.2320268101667,335.56656199324374,342.06577482056815,286.86982918519516,292.9100170359525,300.98830299492136,309.44974804362,301.61453671450164,293.65982019242693,344.7180429401639,351.8800031706995,359.6854510972437,366.50181570474666,360.4222345978138,352.70929660470904,307.45171176850874,315.3440336423103,322.82761456194294,328.015912251574,334.018325506079,342.33488289751756,350.98113081882997,343.1592851634981,335.2393815591929,328.65070844755985,322.69625679034567,315.2723434288982,310.8851709717863,322.2754345338511,327.84657461887906,334.0301370317508,347.9582364944899,335.0582675890854,328.93174534437844,323.4203666528935,189.82190921879874,205.73579357773718,221.2278117618248,236.18123845058207,250.18027744387027,263.16554268957793,274.75609782301484,284.2423598679733,286.6866771051109,283.608900825837,273.5055422792708,260.3833947052713,245.71501637488151,229.85705202452337,213.25064513037984,196.8247305470979,180.6721349024498,179.96487435134935,174.13471935505285,172.7128497713888,174.30175802147994,177.97446806377488,175.1989765251671,169.8255709980093,166.96395033029725,167.53016460910038,173.8286401471029,189.31992524245715,202.3701890676189,215.21057252077637,228.1640158507466,229.50292911334432,233.31764137564483,235.9147812224924,232.68974207846236,228.53030217018946,191.45664431178935,188.89010652102692,188.46992351790786,191.15000209169216,194.25562987812364,194.84395997783463,188.6840440751459,185.01848897888848,184.55863707823022,187.03440088967383,190.8537404080593,191.0600843600139,245.36946766952784,245.55963675166973,246.10120751961242,247.60096631501787,246.08951328813794,245.4419320246424,245.34861276124138,251.37091911161474,254.65655243798892,255.25203161902755,254.5148845064457,251.3862025455277,246.5468785518127,249.26462029236177,250.2080292509601,249.2662506817048,246.42298069116603,248.74795108251368,249.64236625488442,248.6999660263832,-8.219819215399557,-3.634742927801232,2.529229665349432,0.3197757,0.45261973,0.6656354,0.34834966,0.15186517,1.0,0.41684845,0.7839455,0.46557802,0.21404006,0.41795528,0.3142691,0.5780211,0.0,0.5670204,0.5902159,0.00022490497,0.07238702,0.6954215,0.22637771,0.006030044,0.0010197213,0.00020762335,0.004502705,0.006372085,0.001918231,0.97994965,C:/Users/Public/Desktop/feat/M3_Blaine/BH_legit.mp4,190
200,270.3639124125318,121.22868869579081,114.85336653148852,166.64155556441324,0.9985837936401367,272.0237907313928,272.73592018313866,275.20123488859787,279.33626218050495,285.48475879015405,293.97860105315175,304.5829820519772,317.1865532473673,332.75668338210994,348.3923210711009,361.3127445351164,371.5472748410142,379.5688274236409,384.7187510006512,386.9540651789189,387.3756568276312,386.3911722100436,274.1514393824541,281.5492637420418,292.65215055398374,304.0887015714627,314.8914646177612,340.1730181550432,349.753140389897,360.213073417482,371.0721543665868,379.1276526396247,329.1671769229214,329.87461321610004,330.29978060467306,330.81730935384866,316.6052750160415,323.00952045966244,330.2339989103686,337.35765937570164,343.5079557744139,288.55688548932784,294.5925973042032,302.91664555991434,311.40021948994536,303.46513425671736,295.2787043091126,345.50702082008354,352.6534468291966,360.61877686207987,367.29066643427603,361.31317362389973,353.46906117229497,308.72687717873885,316.60852297974833,324.1627740391098,329.2660103726718,335.25440918962335,343.3752004725181,351.67182280349755,344.225094241748,336.5408054427848,329.98983547354544,324.0151436593934,316.5746249658687,312.24838498490925,323.596293411241,329.10764085424034,335.2764476662983,348.6117165498221,336.2641385306277,330.1546532428592,324.694313728973,188.75390075157182,204.9769729040156,220.58721092086262,235.5535416227232,249.69673700864493,262.927475096907,274.80416393384263,284.576053097427,287.25658264575355,284.7187608752686,274.95655004757384,261.587228201443,246.4956989279256,230.21816825740297,213.22022135800728,196.5985078471906,180.33571518446064,179.34583715924975,173.58387206897862,172.55306374149535,174.52117479910396,178.30098809324667,175.80491904520204,170.28251064690016,167.29148768733398,167.655295379897,173.77669980053466,189.0395964068773,202.17611970937566,215.13381430187272,228.14642033949767,229.8674596918631,233.70841217805778,236.2900010044381,233.12557849989253,228.99029494662872,191.08767292690462,187.7283487616838,187.2677636697903,190.71028338243727,193.88402068932004,194.52363115690716,188.5855727976282,184.3802405004928,184.01206444573327,187.22191076564295,191.08362638129555,191.14738778257873,245.60686535161236,245.41861456707807,245.79040807866338,247.42170827965748,245.79884682473468,245.43907971821432,245.7137203777837,251.78841371670737,255.0584516576059,255.6197117052781,254.84924703748777,251.61139075533575,246.71007645170891,249.15821866648693,250.09428776636034,249.1711509256499,246.72082750955678,248.77810560015902,249.6616709197441,248.67470712251978,-5.682114244677112,-3.394450739939854,2.7083244949081102,0.28397292,0.5008112,0.5290506,0.36851734,0.13642362,1.0,0.21258827,0.42621553,0.46507123,0.21747975,0.604044,0.35132328,0.53060997,0.0,0.5542673,0.56534517,0.0054046363,0.11919597,0.82049835,0.029960968,0.0077521694,0.0020058278,0.00016781676,0.0053843954,0.0057048695,0.001273209,0.9777117,C:/Users/Public/Desktop/feat/M3_Blaine/BH_legit.mp4,200
210,273.0360905693384,121.97580068160075,114.21218988549623,163.45836991788906,0.9987975358963013,273.8911134166493,274.75851990304824,277.4132690636716,281.57663079683664,287.66477993379897,295.8662645482079,305.85600377022905,317.8189739344096,332.8795830621494,348.16179784884537,360.9574859563283,371.57382863883413,380.22406632020426,385.9807861279788,388.71427138347354,389.3261669952169,388.4611514110975,275.5863800473427,283.08486924286024,294.00205056597554,305.360490734237,316.0400081867536,341.2387035466528,350.6765126229036,360.9249954065254,371.4437027592709,379.01080909649164,329.8689752798542,330.1892451164954,330.2418157380099,330.3838552088828,316.79635755455666,322.9794705241114,330.0748383964176,337.28274820193815,343.55296834720593,290.424793097715,296.57580133543854,304.3823018784039,312.4749741333254,304.95339431677127,297.21466328511656,346.4844951367458,353.64451674795447,361.1868839691685,367.7840322339536,361.75218913795953,354.2769776267376,309.03227945130334,316.90915669975226,324.39238270247824,329.4532973353804,335.384383483479,343.44783879563056,351.75409052655044,344.1740066757344,336.53268299049313,330.0127392401462,324.0721771688323,316.68369286107855,312.278972757949,323.86630236081527,329.3313379362192,335.4807795191483,348.7527891413921,336.27492151100245,330.19246611198685,324.7732844179529,186.67289377680723,202.84070110611606,218.58666909485675,233.78294000548178,248.11811196897335,261.54883307505105,273.54116632517264,283.19904363421944,285.5934416583598,282.2292492421354,271.702182500002,258.1243595236039,243.0714141437576,226.9637125778661,210.01279998898596,193.16144012827124,176.5956089495597,177.57611271322324,172.2539057818162,171.16240920255208,173.00966473120795,176.7512338896196,173.32152256691964,167.79118437693344,164.67918246251674,164.89654996951052,170.81655846523836,187.31914472521703,200.42830408902077,213.3245445439596,226.293231091685,227.8355793538475,231.6338520626529,234.19161476919558,230.95566590849046,226.73156707340888,189.6868570063113,187.373165086989,186.86776692690256,188.98368621561454,192.05783704871175,192.69875669423914,186.25483662150765,182.96127812274787,182.5473597420543,184.66952226703646,188.4703612499267,188.60060988975374,244.09581931602494,244.05864049329253,244.42201087395983,245.8962330354741,244.28273058615773,243.61248292905043,243.4999877616508,249.7102658238528,253.19752248161214,253.96468059835107,253.30281571353908,250.14938513297395,245.2212152652615,247.61280734051647,248.50580057331462,247.46139132378468,244.64289750851415,247.13821616090166,248.18406345923535,247.341331785848,-6.627910205513075,-3.627947557272477,2.368701451634028,0.3233446,0.46032053,0.621275,0.40302947,0.15253201,0.0,0.32950634,0.09445661,0.49445355,0.35346612,0.5822958,0.37065628,0.484858,1.0,0.5657909,0.56534517,0.011299175,0.13111643,0.58187455,0.27881727,0.006143778,0.002207119,0.00024513877,0.0048217247,0.004836997,0.00429302,0.97745216,C:/Users/Public/Desktop/feat/M3_Blaine/BH_legit.mp4,210
220,270.83052540553433,120.16478625239158,114.7595370149491,167.90881921635838,0.99857497215271,272.4416949447768,273.46651303340633,276.19972156299053,280.51979362406007,287.0060206958378,295.691201472835,306.1431702199198,318.52371061111745,333.8765801496471,349.0800540966811,361.4685569684577,371.47196663804203,379.39963088032425,384.48721160860003,386.58027513091696,386.8541940706519,385.88877632733676,275.42767920586186,282.4732795456405,293.1581058130041,304.4753848269853,315.09886516554474,340.071378030281,349.597927588452,359.8817775053948,370.2772582775127,377.83109426492257,329.07777445232216,329.5569404404642,329.77889308538005,330.11694422163316,316.62632835171576,322.87451568546226,329.9935678068709,337.0118399044815,343.09612383898065,289.973329757375,295.877881409666,303.7424703155974,311.76140284017157,304.3266377633196,296.5377164424372,345.21637749105736,352.1966026226438,359.7818561804827,366.237806610421,360.33848521498084,352.8533331286735,308.74299218758864,316.6038760780471,324.11489721890507,329.13817160893063,335.0640346063006,343.1105595880845,351.393160709748,344.02841862386947,336.396230866781,329.8816246975553,323.9088995595836,316.39738601796586,312.1578695202194,323.5698576169237,329.0161282791522,335.11389919055955,348.36573672130606,336.1895666649677,330.13879000168305,324.72387085612314,189.32812947419197,205.3137700183668,220.84608360451347,235.72911274490033,249.49889582606545,262.2959712307157,273.6294033915726,282.817889803716,284.85668115448516,281.5196331663367,271.19963382776115,257.812590254243,242.85985638191025,226.9518650355983,210.39306400214866,194.0840782907539,178.1230517796809,178.92463818239656,172.7309812303524,170.96729178211913,172.44524467238267,176.0627148932276,172.65622638817507,167.28892599901863,164.64768832354218,165.5511896737583,172.0318081807843,186.96993216228108,199.63331475576288,212.0904294699941,224.59196834057744,226.9986911468762,230.62487445921434,233.05846313135785,229.83218129461136,225.74419812824445,190.3443545690745,187.72998876433016,187.11018831528418,189.2164325652563,192.61890980558275,193.35479073130395,186.66045828475742,183.5632394910599,183.26599756899574,185.58017305200454,189.30590538624128,189.36266358113724,243.4536076297862,243.19169846468014,243.45712649375247,244.9015180688157,243.28095510972176,242.68421342796324,242.77535560762158,248.99557818114482,252.474785871575,253.2385594988717,252.67283906497946,249.46978413236513,244.59968841284328,246.93432855181965,247.6957002241906,246.66795175055168,243.82500991018355,246.28731395346472,247.33843344853136,246.54764983809437,-7.736855833247935,-3.9453430879926135,2.2003006279085464,0.37580964,0.50606203,0.33351377,0.32529768,0.17608975,0.0,0.26401725,0.3924949,0.46739858,0.3577333,0.6363284,0.31748125,0.51055324,1.0,0.4756878,0.55630517,0.0068974984,0.12412424,0.55738854,0.22359079,0.0047783507,0.00059383234,0.000120999364,0.008359087,0.004811492,0.002690827,0.97864544,C:/Users/Public/Desktop/feat/M3_Blaine/BH_legit.mp4,220
230,271.2454526479008,124.36171546157524,111.7096801447201,160.8744826411033,0.998583197593689,271.0277411514981,272.1359484947273,274.9674764946579,279.4075953238053,285.8062995643367,294.4517212268961,304.9315486455262,317.4358312343285,332.65935715650636,348.04619681551344,360.7110948341423,370.9332713306129,378.9164168403547,384.03139433279836,386.3811652197064,386.87118697667154,386.01052484931216,273.2135079031968,280.2741488506755,290.9482371135259,302.030690264927,312.48631922033223,338.73612863236457,348.3617433951701,358.8740022777087,369.7886483494897,377.9998094309222,327.00463771708564,327.64965391039897,328.06892134003647,328.58980390459527,314.69429953991283,321.11966466455846,328.3820630320021,335.56710801426766,341.94615891424354,286.8400273056452,293.10343072362275,300.9970718366954,309.25622711218944,301.4607146222183,293.6928813539721,344.26300930505715,351.55955362572007,359.2448382609773,366.10355494221585,359.75813794999385,352.1646187661009,308.0981183493735,315.74285933975534,323.0308542271438,328.19181225170666,334.10147279964474,342.16155170221685,350.52874281756783,343.25415316539426,335.6794358307213,329.1662750453974,323.27509991408834,316.02073893445385,311.5419347827376,322.62204057964607,328.14545200047826,334.2683651014112,347.536165012163,335.21899764434636,329.18398376384874,323.6913871240514,190.00980980408147,206.01754773965462,221.61577587603006,236.66818655968288,250.76613298939057,263.73322988565945,275.31057785592577,284.6478822551723,287.0493869940344,284.18124199001556,274.42264499254964,261.3111282617889,246.3541306342756,230.19289412551132,213.21027915721933,196.3560380144001,179.89861484722314,177.88463071915038,172.42408582415243,171.42860039978555,173.3892512529902,177.2039439428616,174.6769362851243,169.09037067246604,165.85679780582325,165.94722848698584,171.81266901867406,188.90724359095023,201.88195788268027,214.52753625330405,227.19460902683042,229.58106308100483,233.1827793772335,235.5169127408307,232.2595326367117,228.12837283601013,190.92925360019248,188.56513968693642,188.24589372262605,190.80353780848338,193.6238382047565,194.13334070268215,188.3675246572525,184.8714968463881,184.38596843221384,186.54854355165864,190.2085985110117,190.47573665757875,246.09895939296482,245.2424856824451,245.2738067556255,246.70916800127796,245.0068181953741,244.66830436293716,245.10534955086405,250.9944362270731,254.3317299436967,255.03219663357734,254.37867703354829,251.4781523454994,247.02655564328165,248.77080112422206,249.58040829136786,248.5141225131146,246.0633578498274,248.22584666947466,249.19892866640507,248.37940277586412,-7.090382155470075,-4.143341198783315,2.7716159928473485,0.2322414,0.4955647,0.5194901,0.318562,0.16817538,1.0,0.3349926,0.83919436,0.46659815,0.12266305,0.32788688,0.528749,0.5178794,1.0,0.6029141,0.56534517,0.0026662634,0.11876597,0.6378184,0.20444219,0.0073304814,0.0009010027,0.00013588468,0.004022893,0.00841216,0.0010614215,0.9781361,C:/Users/Public/Desktop/feat/M3_Blaine/BH_legit.mp4,230
240,270.1449437420483,120.29847016501913,112.59604107029264,166.44982551419002,0.9985159039497375,272.22238617034867,273.19342788204244,275.76852840057876,280.01896547111056,286.29984203412187,294.63351646699635,304.8051435736376,317.07397576400894,332.40353647753693,348.0698419750387,361.23803334769576,371.806485936643,379.7731996314434,384.62721764798573,386.4176617461665,386.71633299932375,385.9284799738949,274.58100747399396,280.9310277357545,291.4386555376654,302.6922828635711,313.3962786508758,338.26271713739294,348.1429055330818,358.8804507918815,369.8800462341725,377.56885172701783,327.8526304355385,328.3907434809984,328.5992073723678,328.90659339242865,315.53656944693404,321.7903730865316,328.9644180138096,336.0093308110055,342.1660040875113,289.4569865952142,295.2914813682196,302.75228617667796,310.7238513298298,303.39488713433684,296.01563444785904,344.6308306600848,351.74648545856667,359.0251611630748,365.53002033147027,359.38888362710827,352.1125532901957,309.17334309885126,316.3651628170953,323.2568588210315,328.19417310347706,333.94731219391974,341.85141528879376,350.2334614401511,342.77659732547016,335.1944524838401,328.86907941631756,323.191926664348,316.36291269285385,312.5580299856888,322.8560271651421,328.12028807150455,334.0601160414769,347.2137470863701,335.0110256891897,329.125438809399,323.90467435232944,189.33791649577708,205.41978065280185,220.98394955841002,235.88632001779095,249.93710774240552,262.9869235312884,274.56374132133226,283.9665224044048,286.28067399073217,283.3697275473766,273.6939790113448,260.5832193812329,245.74824550032386,229.54327930807582,212.5897003523038,195.88928418453997,179.56087069990994,177.77289697622712,171.28138378283026,169.56797965272776,171.16273437441293,174.9288113674764,171.94400370298698,166.34975433808484,163.55357613646552,164.63790981790635,171.78371509068248,186.54464321645895,199.3075503064207,211.83357526922217,224.51872806594957,227.23477089048112,230.87125739482067,233.2778069400811,230.02790130476802,225.94709264795583,190.0977798805086,188.27039326634156,187.65932381161198,188.85496125778226,192.0750081015731,192.78264241197925,186.59006834367312,184.3171749878164,184.0866622599641,185.76802890681844,189.05877013021814,189.0880872251637,244.66139977541764,244.17346807216913,244.341417821772,245.76113906939025,244.19138572816627,243.74503965441826,244.02226924747515,249.77065807563022,252.85262586675964,253.43340793487337,252.82666014733778,249.88246186796886,245.61689300954842,247.5079140896988,248.32181617248435,247.32915421940123,244.98851307520422,247.07525924810807,248.00937034923493,247.15498984094077,-6.165909735718923,-4.946676737636199,3.0854975573186274,0.32468575,0.5184212,0.5036019,0.40110734,0.19541349,1.0,0.2690942,0.3262373,0.467743,0.1283861,0.38351935,0.15724029,0.5722635,0.0,0.4705053,0.56121725,0.012099383,0.189128,0.8013705,0.364048,0.005809448,0.0045404695,8.626241e-05,0.0050208187,0.0052252808,0.0012386707,0.978079,C:/Users/Public/Desktop/feat/M3_Blaine/BH_legit.mp4,240
250,279.4310343113868,123.69892741549744,108.07331424936382,151.5629845742984,0.9991194605827332,282.9010891231842,284.19256040851286,287.0120590640755,291.40540301014954,297.71951135953174,306.0082349389055,315.80302006313485,327.67225719407276,342.1294398461491,357.2466000178008,370.04686834621657,380.31205548289944,387.92533196450415,392.4098401837528,394.0831997422556,394.3385290871728,393.35513222924317,283.1405044241011,288.47397214558566,297.6051698206401,307.7273907364268,317.59032547755515,340.8343532109062,350.6092512004499,361.40741788295935,372.5893428472193,381.27914803416945,331.0083199723507,331.51531452943846,331.76127757052984,332.0742140202273,321.40275261447204,327.2370059225394,333.97079297928167,340.8697045034708,347.126579749788,295.16395221880936,300.5815025722947,307.39454547078486,315.39898438403935,308.46556713638086,301.71086308515737,349.5852670259419,356.1769225902538,363.1320752999154,370.3805862825275,363.80447618081524,356.891200822634,317.1991251037024,323.3809615131191,329.7033629440136,334.78769945045644,340.35932767000156,348.78996592921703,357.669915756334,350.2702213557193,342.4734455397872,336.2360942670698,330.6253422159191,324.04485792023263,320.34399170075903,330.03721638819235,335.3122341459586,341.09968845678543,354.5165717870646,341.6139895981076,335.8362810131365,330.5548293418048,190.00205452884393,205.0021088010999,219.66290015509253,233.8864997648842,247.21088000425442,259.1539255606528,269.3639122122884,277.188765258439,278.4869848355866,275.1251972436761,265.9464905101535,253.53088023573073,239.18622331711677,223.53599687460311,207.2159713022523,190.89105660602948,175.04570967444158,175.77263350104943,169.6484367183013,167.5215106448466,168.32484464797753,171.2344966880206,168.1244501926866,162.88507100416484,159.96568407889544,160.39101075418745,166.09708988021313,182.11140428238022,193.83436338013172,205.23865133521835,216.77335206232362,221.2687876360356,224.11605727403537,225.8884893448805,222.56005836971988,218.56241365871125,187.9703362833404,187.11927640915277,186.15166350767026,185.50862447157613,189.00087903865236,190.08092010793246,181.79486874371267,180.53464557271013,180.13602478801394,180.1667850740158,183.35584891725034,183.7553044304125,240.74848810524168,238.267870235755,237.10561383289314,238.02030278150824,236.1560939419259,235.96991697212974,237.05840289173423,242.85607991611167,246.10654508442624,247.07030956246183,246.95499778723647,244.92537178321254,241.14027929339827,241.0287725791021,241.3093389093276,240.02056152041177,237.97042504551013,240.1138342960101,241.320797454633,241.10970871841138,-5.528981665632258,-7.3459598340465915,3.382268310995061,0.336819,0.48537308,0.3433872,0.38375136,0.14635555,0.0,0.30087844,0.22230321,0.46506727,0.066598155,0.4383112,0.5594475,0.5849086,0.0,0.5037519,0.56534517,0.01756884,0.0897697,0.52366996,0.7543826,0.019340364,0.013887147,0.0008639645,0.008662086,0.040826637,0.002572848,0.91384697,C:/Users/Public/Desktop/feat/M3_Blaine/BH_legit.mp4,250
260,287.11548783396944,124.17762986288264,102.73939448155215,141.13490314094386,0.9991902709007263,286.34190333736126,288.2027553172831,292.06445081467626,296.88829759305685,302.8452377085608,310.43416656780533,320.0726133290593,332.23444597780315,346.8642544042781,361.65113216993933,374.31009616687805,384.16945149743594,391.0752329595646,394.69256724828466,395.8530299896864,395.78215471538925,394.38852332483265,287.01899388152475,292.9773825943598,302.53268895408814,313.0384417264736,323.28777762912216,342.33455616583865,351.78859699158147,362.10619362700277,372.7482356855706,381.3293325795588,333.5255954164063,334.5326229303931,335.4133196339266,336.34544406640293,327.1380181033691,332.6254511675183,338.9725888923437,345.3378668917614,350.984257014267,298.87729239194016,304.008491649698,311.0958222316953,319.0234301185243,312.38651740632696,305.4810438342234,351.6244360870635,357.6288770718461,364.67107905197105,371.4902273273716,365.90992756533086,359.0010873924612,323.60190116536234,329.6168911690369,335.6597225067824,340.90432119394023,346.4149368627644,354.81549915975353,363.6180951662085,356.4355357136682,348.98248730303175,342.9238576738356,337.3971963920652,330.8894006426792,326.56904743178217,336.09125309012603,341.434689522711,347.22225479278046,360.67002293921104,347.70435000352126,341.97108442016935,336.6698440631523,182.26860416902505,196.34499289386812,210.2184770448081,223.91544431120735,237.14453987654898,249.5322275245078,260.14724592415325,267.7971016767208,268.6839864650206,265.38507103075943,256.5926101582447,244.5633266889851,230.2424934737409,214.56637884188333,198.27632140526777,182.0474533256031,166.08461232235967,168.2240845854662,161.836890873116,159.01206550894355,158.71381597481587,160.67904267323874,157.57476925597814,152.5486967759629,149.65572676869925,149.74171893848995,154.410911547799,170.51236363085647,181.80826315513812,192.7959294326757,203.9131921738833,210.28475920561644,212.59122899937358,213.89427005927314,210.9819332646944,207.39974891260763,178.04833035841034,174.9607183341461,173.5478715775983,174.81499045211305,178.38056388497802,179.88397573529556,170.49154824621033,167.04510301616273,166.23996050583204,167.86048160798288,171.28947300677282,171.9485141291384,231.62327424128358,228.47990888559318,226.65588761899897,227.51453737778607,225.39008611000136,225.4375819319025,226.61443855529518,231.54616040844553,234.1879577711535,235.35560797805863,235.55265759410773,234.6236675830343,231.54114331525,230.56800894090898,230.59260985865035,229.20141130402968,227.39987105664352,228.73497305817074,230.07629342872897,230.06050523203325,-1.7929860130074569,-9.199119053399253,5.162573106855053,0.334099,0.46017084,0.6427471,0.43955582,0.14279054,0.0,0.3115803,0.3272148,0.46260795,0.076964006,0.3651832,0.46395966,0.5430373,0.0,0.67359406,0.57407117,0.010569756,0.10135667,0.413281,0.18443075,0.052096546,0.009336594,0.00020345827,0.0075218896,0.020856528,0.00028349584,0.9097014,C:/Users/Public/Desktop/feat/M3_Blaine/BH_legit.mp4,260
270,292.32600787213744,121.8810282804528,102.72766579198469,140.19229370615435,0.9995496869087219,290.92035713108413,292.8202912998607,296.46954155662945,301.26007792825067,307.4401145396658,315.5647169845594,325.5509692361015,337.76255267983987,352.27086193556283,366.96880813643116,379.3240080748209,388.86910775647755,395.4546297098867,398.72725078577037,399.619743697129,399.1817998742004,397.57005630514635,291.9962825745272,297.52812723233814,306.65703488586615,316.69334860360107,326.53770404831397,347.62072579113544,356.8232616531536,366.81857861484866,377.10436739480576,385.33775137520115,337.6984078227071,338.6858495619835,339.55701934708094,340.52590049067925,331.2782717065841,336.7008886125195,342.9004384163656,349.192370050564,354.8678011210235,303.4820599908108,308.4981888213282,315.47527316313926,323.06729380454783,316.6113300231856,309.7976862158182,355.78134140695175,361.73645488403116,368.7391741058265,375.3756349171745,369.86490281160576,363.0017941644328,327.18859335482875,333.5906652283185,339.8911501786236,345.15855397785924,350.62352132995704,359.19004343580536,368.14026148634446,360.8730111599656,353.23159085642413,347.17259419661906,341.62043917330516,334.8305551344192,330.17025628673974,340.3901404124049,345.75272366824595,351.5224217078949,365.1412261978628,351.87101195541163,346.1540777485331,340.8205436799851,180.54522373237077,194.55824785431406,208.38932098280682,222.12846351098798,235.1681894486003,247.0395504552452,257.0952018870618,264.2788342732139,264.8937806001457,261.3490076456562,252.27997571170832,240.32399403141275,226.3366348714565,211.0937231093168,195.28890961837456,179.60705631354932,164.2975279563867,165.9961684039639,159.58342744684288,156.82968080853823,156.70854559725282,158.7505169555379,156.16452761906717,151.26403902067165,148.39853774226307,148.52564423108834,153.21710301991843,169.03173327108155,179.6906191034377,189.9871020353617,200.3902657762642,207.4235282581544,209.56031307534505,210.79234155140168,208.07351009092045,204.74291096846153,176.00041972046668,172.53600582257596,171.31869245951643,173.27189182777545,176.53637572192343,177.8558174842166,169.09630930358668,165.19222688127806,164.35131457724964,166.45053700037755,169.78884212919985,170.46574234073296,228.14850397727093,224.92379350438557,222.97855082584596,223.75644133417646,221.70212131377494,221.86802355877447,223.1067603214376,228.3855000220315,231.14844172583415,232.29931898588708,232.47910908880888,231.4726555238136,228.09628162054938,227.06719636217457,227.0482447004611,225.6988262224577,223.97098617757385,225.57749547815465,226.9048939301672,226.98382910530387,-0.9086791414312915,-9.814878961993719,4.737080934448484,0.24890316,0.44144982,0.5907599,0.42217594,0.21714106,1.0,0.28597534,0.4034611,0.4665093,0.08246745,0.3043844,0.47632295,0.64119023,0.0,0.7347051,0.5607417,0.004204625,0.058477625,0.42537242,0.08395865,0.017739084,0.005129541,0.0001942513,0.018393151,0.022395961,0.0017793266,0.93436867,C:/Users/Public/Desktop/feat/M3_Blaine/BH_legit.mp4,270
